year_group,sum_GP_contacts_this_month,male_GP_contacts_this_month,female_GP_contacts_this_month
2000-2002,1.2385906963941646,1.1450089928057554,1.3284065163448053
2002-2008,1.1240503341348635,1.0739095564192733,1.1700076338036134
2008-2012,1.0928251610789559,1.1044527001561406,1.0808640265854335
2012-2014,1.2403217697335345,1.0078508341511285,1.4845360824742269
