year_group,sd_age
2000-2002,6.691433564929895
2002-2008,6.620250674375399
2008-2012,6.568686503365728
2012-2014,6.740541431088951
