year_group,sd_HbA1c_IFCC
2000-2002,17.3243849468319
2002-2008,14.364015926922058
2008-2012,12.939051283355067
2012-2014,12.098904312732197
