year_group,sd_weight
2000-2002,15.623724222340844
2002-2008,16.778047684984223
2008-2012,17.435514431742558
2012-2014,17.384530379678957
