year_group,sd_HbA1c_DCCT
2000-2002,1.5851756745202579
2002-2008,1.3143028572533337
2008-2012,1.183919048745323
2012-2014,1.1070458699572074
